kamachiyamman nagar 1st street,,,,,,,
kamachiyamman nagar 2nd street ,,,,,,,
kamachiyammman nagar main road,,,,,,,
kamachiyamman nagar 3rd street,,,,,,,
kamachiyamman nagar 4th street,,,,,,,
Quaidemillath nagar main road ,,,,,,,
quaidemillath nagar 1st street  ,,,,,,,
quaide millath nagar 2nd street,,,,,,,
quaiddde millath nagar 2nd cross street ,,,,,,,
A.G.S colony 1st street,,,,,,,
A.G.S colony 2nd street,,,,,,,
A.G.S colony 3rd street ,,,,,,,
A.G.S colony 4th street,,,,,,,
A.G.S colont 5 th street,,,,,,,
A.G.S colony 6th street,,,,,,,
A.G.S colony 7th street,,,,,,,
A.G.S colony 8th street ,,,,,,,
A.G.S colony 9th street,,,,,,,
A.G.S colony 10th street,,,,,,,
A.G.S colony 11th street,,,,,,,
 thiruvallluvar street,,,,,,,
nehru street,,,,,,,
NSK street,,,,,,,
moovendar street ,,,,,,,
moorthi street ,,,,,,,
elanago street,,,,,,,
extension street ,,,,,,,
kamoar street,,,,,,,
indhra gandhi street,,,,,,,
rajiv gandhi street ,,,,,,,
mahindar street,,,,,,,
vyasar street,,,,,,,
tropical colony 2nd main road,,,,,,,
lakshmivithi street,,,,,,,
pillaiyar kovil street,,,,,,,
sri avenue,,,,,,,
thangam avenue ,,,,,,,
chozhan street ,,,,,,,
alexzander cross street,,,,,,,
thulukkanathamman main road,,,,,,,
adiswamy nagar 2nd street,,,,,,,
mallikeswary nagar 2nd street,,,,,,,
malikeswary nagar 3rd street ,,,,,,,
malikeswary nagar 4th street ,,,,,,,
malikeswary nagar 1st street ,,,,,,,
syndicate bank colony 1st street,,,,,,,
syndicate bank colony 2nd street,,,,,,,
syndicate colony 3rd street ,,,,,,,
kamakotti nagar 1st street,,,,,,,
kamakotti nagar 2nd street,,,,,,,
kamakotti nagar 3rd street ,,,,,,,
kamakotti nagar 4th street ,,,,,,,
kamakotti nagar 5th street ,,,,,,,
kamakotti nagar 6th street ,,,,,,,
kamakotti nagar 7th street,,,,,,,
kamakotti nagar 8th street ,,,,,,,
kamakotti nagar 9th street ,,,,,,,
kamakotti nagar 10th street ,,,,,,,
syndicate bank colony venkatraman street ,,,,,,,
meenatchipuram 1st street ,,,,,,,
meenatchipuram 2nd street ,,,,,,,
meru nagar cross 1st street ,,,,,,,
meru nagar cross 2nd street ,,,,,,,
meru nagar cross 3rd street ,,,,,,,
meru nagar cross 4th street ,,,,,,,
meru nagar 5th street,,,,,,,
meru nagar cross 5th street ,,,,,,,
VGP shanthi nagar ,,,,,,,
thiruvalluvar street,,,,,,,
VGP shanthi nagar main road ,,,,,,,
VGP shanthi nagar pari street ,,,,,,,    
arumugam 1st street,,,,,,,
arumugam 2nd street,,,,,,,
arumugam 3rd street ,,,,,,,
VGP shanthi nagar v.o.c street,,,,,,,
VGP shanthi nagar lakshmi street ,,,,,,,
VGP shanthi nagar lakshmi street ext ,,,,,,,
VGP shanthi nagar bhathy street ,,,,,,,
VGP shanthi nagar kanchi street,,,,,,,
VGP hanthi nagar kambar street ,,,,,,,
VGP shanthi nagar 3rd street (elango),,,,,,,
VGP shanthi nagaar 4th street(awai),,,,,,,
VGP shanthi nagar kanchi street ,,,,,,,
VGP shanthi nagar kurinchi street,,,,,,,
VGP shanthi nagar santhosh salai,,,,,,,
VGP shanthi nagar mullai street ,,,,,,,
VGP shanthi nagar rajaveethi street,,,,,,,
VGP shanthi nagar kabilar street,,,,,,,
varathrajan nagar 1st street ,,,,,,,
varatharajan nagar 2nd street ,,,,,,,
varatharajan nagar main road ,,,,,,,
shanthi nagar ,,,,,,,
shanthi nagar 2nd street ,,,,,,,
sabari nagar chella muthu street ,,,,,,,
manogar nagar extr,,,,,,,
sekkizhar street ,,,,,,,
avvayar 1st street ,,,,,,,
avvayar 2nd street ,,,,,,,
arul nagar 1st street ,,,,,,,
dhanam nagar 1st street,,,,,,,
dhanam nagar 2nd street,,,,,,,
arun nagar 1st street,,,,,,,
arun nagar 2nd street,,,,,,,
kavimani street ,,,,,,,
ma.po.ci nagar 1st street ,,,,,,,
ma.po.ci nagar cross street ,,,,,,,
ma.po.ci nagar 2nd street ,,,,,,,
ma.po.ci nagar 3rd street ,,,,,,,
madhanri 1st street ,,,,,,,
maadaveethi mani road ,,,,,,,
rajaji avenue,,,,,,,
i.i.t colony 1st main road,,,,,,,
i.i.t colony 2nd main road,,,,,,,
i.i.t colony 3nr main road,,,,,,,
i.i.t colony 4th main road ,,,,,,,
i.i.t colony 5th main road ,,,,,,,
i.i.t colony 6th main road ,,,,,,,
i.i.t colony 7th main road ,,,,,,,
i.i.t colony 8th main road ,,,,,,,
chanimeniamman kovil street ,,,,,,,
i.i.t colony kambar street,,,,,,,
appaswamy mapleton access road ,,,,,,,
selvam nagar main road ,,,,,,,
parasuram nagar ,,,,,,,
parasuram nagar cross street ,,,,,,,
selvam nagar ,,,,,,,
gandhi street ,,,,,,,
deiva sigamani kovil street ,,,,,,,
deiva sigamani kovi street extr,,,,,,,
neela nagar ,,,,,,,
new colony 1sr street,,,,,,,
veerathamman 1st street ,,,,,,,
veerathamman 2nd street ,,,,,,,
new colony 2nd street ,,,,,,,
om sakthi nagar ,,,,,,,
ashtalakshmi avenue main road ,,,,,,,
agathiyar street ,,,,,,,
manikasakar street ,,,,,,,
pernar nagar main road ,,,,,,,
VOC street ,,,,,,,
pariyar nagar puzhalenthi street ,,,,,,,
seriyar nagar ,,,,,,,
bharadhidasan street,,,,,,,
pariyar nagar valmigi street ,,,,,,,
periyar nagar kambar street ,,,,,,,
pariyar nagar kambar cross street ,,,,,,,
pariyar nagar thiruvalluvar street ,,,,,,,
dhanam nagar 1st cross street ,,,,,,,
dhanam nagar 2nd cross street ,,,,,,,
vimala nagar ,,,,,,,
indira ammayar street,,,,,,,
manikavasakar 1st cross street,,,,,,,
 manikavasakar 2nd cross street,,,,,,,
manogar nagar 1st street,,,,,,,
manohar nagar 2nd street,,,,,,,
manogar nagar 3rd street ,,,,,,,
manogar nagar 4th street,,,,,,,
manogar nagar 5th street,,,,,,,
manogar nagar 6th street ,,,,,,,
manogar nagar 6th street ,,,,,,,
manogar nagar 7th street ,,,,,,,
manogar nagar 8th street ,,,,,,,
manogar nagar 9th street ,,,,,,,
manogar nagar 10th street ,,,,,,,
manogar nagar 11th street ,,,,,,,
manogar nagar 12th street ,,,,,,,
manogar nagar 13th street ,,,,,,,
manogar nagar 14th street ,,,,,,,
manogar nagar 15th street ,,,,,,,
manogar nagar 16th street,,,,,,,
manogar nagar 17th street ,,,,,,,
manodar nagar 18th street,,,,,,,
jayalaitha street ,,,,,,,
kannaki nagar,,,,,,,
astalakshmi avenue 1st cross street ,,,,,,,
astalakshmi avenue 1st street ,,,,,,,
astalakshmi avenue 2nd street ,,,,,,,
astalakshmi avenue 3rd street,,,,,,,
nagammal avenue 1st street,,,,,,,
arunmugam nagar 1st street ,,,,,,,
arunmugam nagar 2nd street,,,,,,,
arunmugam nagar 3rd street,,,,,,,
meru nagar 1st street,,,,,,,
meru nagar 2nd street,,,,,,,
meru nagar 3rd street,,,,,,,
meru nagar 4th street ,,,,,,,
meru nagar 5th street ,,,,,,,